<?xml version="1.0" encoding="UTF-8"?>
<configuration>
    <include resource="org/springframework/boot/logging/logback/base.xml"/>
    <!-- 	In Build Logback status stop -->
    <statusListener class="ch.qos.logback.core.status.NopStatusListener"/>
    <!-- 	 Log pattern property -->
    <property name="LOG_PATTERN" value="%d{HH:mm:ss.SSS} [%t] %-5level [%logger:%L] - %msg%n"/>

    <appender name="STDOUT" class="ch.qos.logback.core.ConsoleAppender">
        <layout class="ch.qos.logback.classic.PatternLayout">
            <Pattern>${LOG_PATTERN}</Pattern>
        </layout>
    </appender>

    <logger name="com.myapp" level="DEBUG">
        <appender-ref ref="STDOUT"/>
    </logger>
    <root level="ERROR">
        <!--<appender-ref ref="STDOUT"/>-->
    </root>

    <!--     Purpose : Appending Log In file -->
    <!-- 	 Log file path property for local -->
    <property name="OAUTH2_LOG_PATH" value="d://logs"/>
    <!-- 	 Log file name property -->
    <property name="LOG_NAME" value="JpaApp"/>

    <appender name="FILE-APPENDER-ERROR" class="ch.qos.logback.core.rolling.RollingFileAppender">
        <file>${OAUTH2_LOG_PATH}/${LOG_NAME}.error</file>
        <rollingPolicy class="ch.qos.logback.core.rolling.SizeAndTimeBasedRollingPolicy">
            <!-- Daily bases BACKUP file-->
            <fileNamePattern>${OAUTH2_LOG_PATH}/${LOG_NAME}_BACKUP-%d{yyyy-MM-dd}.%i.error.gz</fileNamePattern>
            <!-- Each file should be at most 10MB, keep 60 days worth of history-->
            <maxFileSize>10MB</maxFileSize>
            <maxHistory>60</maxHistory>
            <totalSizeCap>100MB</totalSizeCap>
        </rollingPolicy>
        <encoder>
            <pattern>${LOG_PATTERN}</pattern>
        </encoder>
    </appender>

    

    <logger name="JpaApp" level="debug" additivity="false">
        <appender-ref ref="FILE-APPENDER-DEBUG"/>
    </logger>

    <root level="error">
        <appender-ref ref="FILE-APPENDER-ERROR"/>
    </root>


</configuration>